trueCardA,trueCardB,trueCardX,trueJaccardIdx,trueLogRatio,inclExclMinA,inclExclM3sA,inclExclM2sA,inclExclM1sA,inclExclMedA,inclExclP1sA,inclExclP2sA,inclExclP3sA,inclExclMaxA,inclExclMeanA,inclExclStdDevA,inclExclMinB,inclExclM3sB,inclExclM2sB,inclExclM1sB,inclExclMedB,inclExclP1sB,inclExclP2sB,inclExclP3sB,inclExclMaxB,inclExclMeanB,inclExclStdDevB,inclExclMinX,inclExclM3sX,inclExclM2sX,inclExclM1sX,inclExclMedX,inclExclP1sX,inclExclP2sX,inclExclP3sX,inclExclMaxX,inclExclMeanX,inclExclStdDevX,inclExclMinJaccardIdx,inclExclM3sJaccardIdx,inclExclM2sJaccardIdx,inclExclM1sJaccardIdx,inclExclMedJaccardIdx,inclExclP1sJaccardIdx,inclExclP2sJaccardIdx,inclExclP3sJaccardIdx,inclExclMaxJaccardIdx,inclExclMeanJaccardIdx,inclExclStdDevJaccardIdx,maxLikeMinA,maxLikeM3sA,maxLikeM2sA,maxLikeM1sA,maxLikeMedA,maxLikeP1sA,maxLikeP2sA,maxLikeP3sA,maxLikeMaxA,maxLikeMeanA,maxLikeStdDevA,maxLikeMinB,maxLikeM3sB,maxLikeM2sB,maxLikeM1sB,maxLikeMedB,maxLikeP1sB,maxLikeP2sB,maxLikeP3sB,maxLikeMaxB,maxLikeMeanB,maxLikeStdDevB,maxLikeMinX,maxLikeM3sX,maxLikeM2sX,maxLikeM1sX,maxLikeMedX,maxLikeP1sX,maxLikeP2sX,maxLikeP3sX,maxLikeMaxX,maxLikeMeanX,maxLikeStdDevX,maxLikeMinJaccardIdx,maxLikeM3sJaccardIdx,maxLikeM2sJaccardIdx,maxLikeM1sJaccardIdx,maxLikeMedJaccardIdx,maxLikeP1sJaccardIdx,maxLikeP2sJaccardIdx,maxLikeP3sJaccardIdx,maxLikeMaxJaccardIdx,maxLikeMeanJaccardIdx,maxLikeStdDevJaccardIdx,maxNumIterationsReachedCount,avgNumIterations,maxNumIterations,iterationAbortedCount
251188153,1598728349,2742179,0.00148013,-0.803776,-0.013302,-0.0112815,-0.00721559,-0.00371992,4.33264e-05,0.00372778,0.00738449,0.0107753,0.013625,3.03478e-05,0.00369878,-0.00423074,-0.00348965,-0.00228152,-0.00113837,-1.1476e-05,0.00114761,0.00238287,0.00341999,0.00379452,1.28926e-05,0.00116371,-1,-0.998251,-0.670718,-0.323689,-0.00332658,0.322541,0.641899,1.01854,1.23061,-0.00243745,0.326475,-1,-0.998254,-0.671033,-0.323533,-0.00311329,0.323096,0.642616,1.0219,1.23869,-0.00228853,0.326951,-0.00573808,-0.00407477,-0.00289386,-0.00147892,-2.87099e-05,0.00149722,0.00298486,0.00745987,0.0129191,-5.84163e-07,0.00154498,-0.0034435,-0.00295013,-0.00203229,-0.00102256,7.72022e-06,0.00102591,0.00210475,0.00311351,0.00381156,7.96097e-06,0.00103391,-1,-0.66068,-0.198485,-0.100031,0.00251442,0.10365,0.204639,0.296234,0.354181,0.000299898,0.107163,-1,-0.661032,-0.198461,-0.100388,0.00292834,0.104285,0.205039,0.297536,0.355603,0.000311204,0.107298,0,14.255,193,281
5945604476,13049219720,103608860,0.00542499,-0.341389,-0.0079545,-0.00706145,-0.00466898,-0.00235312,-8.59197e-05,0.00223575,0.00462844,0.00636404,0.00781756,-4.70229e-05,0.00230205,-0.00524053,-0.00430043,-0.00295215,-0.00140333,-1.68289e-05,0.00139538,0.00278772,0.0041186,0.00548033,-2.28466e-05,0.00141702,-0.385462,-0.330028,-0.236668,-0.115752,0.00278795,0.124153,0.236488,0.365197,0.432068,0.00366169,0.119733,-0.38753,-0.33099,-0.237676,-0.116969,0.00289068,0.124901,0.238602,0.368242,0.437405,0.00375066,0.120388,-0.00420582,-0.00378353,-0.00243201,-0.00122452,-2.66805e-05,0.00122537,0.00236772,0.00343593,0.00371855,-5.61861e-06,0.00121602,-0.0036618,-0.00318337,-0.00215419,-0.00108806,3.08805e-06,0.00110323,0.00209345,0.00316898,0.00339181,-3.67257e-06,0.00108685,-0.148747,-0.118891,-0.0785786,-0.0380558,0.00146182,0.0410685,0.0821108,0.11598,0.12769,0.00128718,0.0401638,-0.149537,-0.119789,-0.0793128,-0.0383622,0.00160778,0.0410831,0.083048,0.117776,0.129385,0.00129295,0.0403662,0,9.51665,51,205
144199,1608,3457,0.0231603,1.95268,-0.00252492,-0.00231255,-0.00145578,-0.000709057,6.48725e-06,0.000712269,0.00143233,0.00213039,0.00241329,-7.71937e-06,0.000711875,-0.0329088,-0.0303625,-0.0190578,-0.00971203,3.69366e-05,0.00969457,0.0189908,0.0278746,0.0378356,-4.86762e-05,0.00964428,-0.0162467,-0.0130116,-0.00876857,-0.00439956,3.82989e-05,0.00458096,0.00882137,0.014355,0.0159446,4.08139e-05,0.00450423,-0.0163276,-0.0130604,-0.0090867,-0.00454319,4.84847e-05,0.00467614,0.00932119,0.0146595,0.0161099,4.87178e-05,0.0046423,-0.00264663,-0.00226711,-0.00143109,-0.000707525,2.96933e-06,0.00069965,0.00139127,0.00209212,0.00231184,-8.01629e-06,0.000706122,-0.0251237,-0.0219875,-0.0139904,-0.00725086,-4.52892e-05,0.00733538,0.0144736,0.0210861,0.0238602,-7.73865e-06,0.00715344,-0.0108558,-0.010131,-0.00668284,-0.00341171,5.3791e-05,0.00347791,0.0066466,0.00971737,0.011426,2.31923e-05,0.00337,-0.0115318,-0.0104034,-0.00688708,-0.00347712,9.71506e-05,0.00354035,0.00697093,0.0101901,0.0108695,3.1107e-05,0.00348425,0,6.19292,51,1462
36085381,8525744,3516662,0.0730693,0.626599,-0.00475331,-0.00391323,-0.00260972,-0.00139701,-5.59808e-05,0.00124979,0.00256812,0.00380939,0.00476322,-6.39501e-05,0.00131905,-0.01182,-0.00956125,-0.00676556,-0.00335824,-7.72477e-05,0.0033017,0.00633123,0.00951967,0.0109918,-9.05988e-05,0.00329838,-0.0263967,-0.0224798,-0.0145638,-0.00753689,5.67433e-05,0.00782942,0.0157262,0.0223704,0.0242042,0.000165275,0.00764866,-0.0273626,-0.0244097,-0.0158988,-0.00805343,0.000148999,0.0085544,0.0169577,0.0243312,0.0265666,0.000222255,0.00821998,-0.00376953,-0.00333723,-0.00229346,-0.00116488,-2.04509e-05,0.00104809,0.00214967,0.00319769,0.00383133,-5.0164e-05,0.00110739,-0.00849151,-0.00597628,-0.00414658,-0.0020952,-1.16708e-05,0.00195855,0.00395441,0.00580211,0.00709877,-4.56687e-05,0.00202245,-0.0146907,-0.0118429,-0.00838932,-0.00440108,1.91681e-06,0.00440093,0.00898098,0.0137123,0.0163857,5.65817e-05,0.00439989,-0.0162579,-0.0123687,-0.0089201,-0.0045581,0.000118289,0.00465926,0.00948895,0.0142134,0.0170351,9.95553e-05,0.00462815,0,5.65467,12,394
42736075,652906563,23996891,0.0333457,-1.18406,-0.0206078,-0.0172734,-0.0117089,-0.00596691,-0.000174046,0.00583303,0.0110255,0.0154044,0.0222366,-0.000155298,0.00573816,-0.00396267,-0.00321739,-0.0021692,-0.00108176,3.56338e-05,0.00111918,0.00222642,0.00301411,0.00378571,1.92485e-05,0.00110137,-0.0369003,-0.0264902,-0.0191829,-0.0102235,0.000290823,0.0101508,0.020573,0.030553,0.0337964,0.000247782,0.0100923,-0.0389408,-0.0275089,-0.0200312,-0.0105544,0.000262451,0.0105418,0.0213011,0.0313515,0.0368258,0.00023526,0.0104318,-0.0120332,-0.0103305,-0.00719763,-0.00350753,2.41777e-05,0.00340217,0.00694848,0.0102242,0.0117747,-2.79538e-05,0.00348242,-0.00409115,-0.00311078,-0.00204989,-0.00102673,5.07576e-05,0.00107067,0.00209544,0.00289673,0.00356841,2.858e-05,0.00104419,-0.0191693,-0.0182111,-0.0118555,-0.00605875,9.11073e-05,0.00604916,0.0121897,0.0181621,0.0214936,2.16685e-05,0.00606136,-0.0202284,-0.0185017,-0.0123705,-0.00618469,-7.05104e-05,0.00610737,0.0124442,0.0183158,0.0209777,-1.95603e-06,0.0062103,0,6.84518,21,338
2617,74772,235,0.00302741,-1.45594,-0.017317,-0.0160461,-0.0111634,-0.00514947,4.52022e-05,0.00515021,0.0101643,0.0162454,0.0176733,-5.56734e-05,0.00524083,-0.00237034,-0.00217812,-0.00146427,-0.000750269,-7.10466e-06,0.000710615,0.00138014,0.00210334,0.00260645,-1.37405e-05,0.000727178,-0.187953,-0.184673,-0.113249,-0.0567587,-0.00045352,0.0569538,0.123786,0.172702,0.197899,0.000397353,0.0576778,-0.188609,-0.184485,-0.113113,-0.0569486,-0.000616625,0.0572607,0.12478,0.173409,0.197323,0.000420367,0.0578345,-0.0122866,-0.00929432,-0.00657292,-0.0032496,1.71994e-05,0.00314933,0.00613627,0.00896318,0.0120258,-2.28957e-05,0.00318474,-0.00234786,-0.00213628,-0.00142214,-0.000738826,-5.49578e-06,0.000701006,0.00136464,0.00209999,0.00247327,-1.28003e-05,0.000717057,-0.130074,-0.0953274,-0.0680071,-0.0346698,-0.000842165,0.0346626,0.070465,0.0998253,0.127678,4.20332e-05,0.0345508,-0.130632,-0.095322,-0.0679822,-0.0345432,-0.000747667,0.0345379,0.0710439,0.100137,0.129145,5.85994e-05,0.0346493,0,8.05491,102,870
148568,12597,7147,0.0424628,1.07166,-0.00282453,-0.00228698,-0.00162131,-0.000779087,-8.28751e-06,0.000757128,0.001539,0.00240562,0.00278437,-1.07328e-05,0.000774255,-0.0120136,-0.0107954,-0.00717869,-0.00371594,3.3822e-05,0.00359726,0.00681824,0.00973832,0.0142416,-3.75169e-05,0.00354129,-0.0244772,-0.0172218,-0.0113236,-0.00597816,5.59414e-05,0.0062268,0.011958,0.0176909,0.0199686,7.91812e-05,0.00599606,-0.0248771,-0.0187814,-0.0118892,-0.0062841,5.05246e-05,0.0063994,0.0125214,0.0181582,0.0216545,8.99554e-05,0.00626025,-0.0026172,-0.00213399,-0.0014699,-0.000751787,3.03956e-06,0.000716265,0.00152076,0.00214427,0.00247274,-8.7489e-06,0.000734059,-0.00901765,-0.00757185,-0.00500805,-0.00246676,-4.83258e-06,0.00243325,0.0046171,0.00727868,0.00821416,-1.59868e-05,0.002453,-0.0167341,-0.0117236,-0.00824193,-0.00401378,3.98284e-06,0.00418277,0.0084278,0.0124184,0.015337,3.98881e-05,0.00411034,-0.0173867,-0.0128043,-0.00857061,-0.00414403,-2.13056e-05,0.00426042,0.00877089,0.0130589,0.0169324,4.79703e-05,0.00426454,0,5.15992,30,525
277467992,3837563445,104644949,0.0247993,-1.14084,-0.0176048,-0.0165133,-0.0107808,-0.00542087,7.19712e-05,0.00565645,0.0108365,0.0166743,0.0210852,8.60254e-05,0.00548178,-0.00404031,-0.00321963,-0.00211868,-0.00109945,2.52459e-05,0.00111621,0.00223859,0.00326629,0.00431819,3.52861e-05,0.00110646,-0.051288,-0.0429677,-0.0277125,-0.0145652,-0.000287275,0.014166,0.0278174,0.0431747,0.0470253,-0.000199572,0.014277,-0.0524392,-0.0437127,-0.0285833,-0.0150698,-0.000274127,0.014501,0.0285562,0.0437108,0.0480611,-0.000226282,0.0146613,-0.00989906,-0.00911684,-0.00613931,-0.00299626,-0.000105112,0.00326847,0.0063807,0.00926184,0.0101502,4.72241e-05,0.0031338,-0.00346879,-0.00295499,-0.00198216,-0.00103297,3.37774e-05,0.00107641,0.0021556,0.00315775,0.0038263,3.12733e-05,0.00104306,-0.0263969,-0.0238105,-0.0159269,-0.00800847,-5.67576e-05,0.00788484,0.0153607,0.0243619,0.0306652,-9.66806e-05,0.00787533,-0.0275349,-0.0249172,-0.0163912,-0.00824211,-0.000124552,0.00808755,0.0156782,0.0251771,0.0305867,-0.000123811,0.0080707,0,6.45095,25,623
84256,1624,402,0.00465914,1.71501,-0.00272176,-0.00213128,-0.001453,-0.000719019,1.90291e-05,0.00074036,0.0014558,0.00203384,0.00238664,1.29682e-05,0.000721946,-0.0278321,-0.0212595,-0.0147074,-0.00703248,0.000272532,0.00741508,0.0138536,0.0193455,0.0230852,0.000134014,0.00714385,-0.0933222,-0.0791623,-0.0561871,-0.0298234,-0.00103321,0.0284979,0.0582206,0.0836604,0.117343,-0.000570604,0.02869,-0.0935928,-0.0791056,-0.0563724,-0.0298679,-0.00112089,0.028806,0.0579454,0.0841712,0.118268,-0.000579405,0.02881,-0.00245779,-0.00219518,-0.00149297,-0.000711123,1.73077e-05,0.000721256,0.00145193,0.00196019,0.00226899,1.09515e-05,0.000715402,-0.019169,-0.0143113,-0.0088492,-0.00446925,0.000142588,0.00459037,0.00882537,0.0124904,0.0132077,4.1441e-05,0.00448988,-0.0558419,-0.0478595,-0.0352608,-0.0180265,-0.000487169,0.017879,0.0350608,0.0578611,0.0722304,-0.000196996,0.0178857,-0.0561388,-0.0476187,-0.0355252,-0.0180592,-0.000495722,0.017905,0.034928,0.0578314,0.0715336,-0.000206031,0.0179562,0,7.76268,45,1405
22160727,6987227,586521,0.0197253,0.501279,-0.00451422,-0.00373825,-0.00259717,-0.00128493,-6.93467e-05,0.00124258,0.00251524,0.00378661,0.00425769,-5.03023e-05,0.0012722,-0.0116346,-0.00800063,-0.0054188,-0.00271505,-0.000113501,0.00266412,0.00572872,0.00747587,0.0112835,-5.58506e-05,0.00273429,-0.109552,-0.0890012,-0.0620059,-0.0299277,0.000719722,0.0305081,0.0618297,0.0911687,0.12099,0.000370015,0.0307044,-0.111997,-0.0900478,-0.0632591,-0.0305043,0.000806969,0.0310749,0.0628302,0.0933619,0.124141,0.000432262,0.0313001,-0.003195,-0.00283578,-0.0021242,-0.00105007,-5.24248e-05,0.000966075,0.00207101,0.00313312,0.00412174,-4.33947e-05,0.00103341,-0.00473423,-0.00410552,-0.00293396,-0.00148224,-6.55619e-05,0.00145338,0.00289486,0.00453625,0.00588934,-3.66195e-05,0.00145338,-0.0451057,-0.0387798,-0.0274191,-0.01327,0.000252942,0.0136698,0.0271065,0.0390487,0.0528305,0.000140229,0.0135756,-0.0438939,-0.0390653,-0.0278066,-0.0133978,0.000247446,0.0138288,0.0276439,0.0391228,0.0529625,0.000181779,0.0137982,0,6.76148,23,286
4333904,48156078,1313150,0.0244066,-1.04577,-0.0163093,-0.0142806,-0.0101257,-0.00500799,-4.93405e-05,0.00518485,0.00996274,0.0146072,0.0179979,2.65264e-05,0.00504564,-0.00391386,-0.00335917,-0.00229376,-0.00112784,2.24252e-05,0.0011507,0.00221099,0.00348382,0.00406393,5.65093e-06,0.00112722,-0.0538331,-0.0449951,-0.0327915,-0.0165735,-0.000108738,0.0161572,0.0328611,0.0451761,0.0569328,-0.000120391,0.0163099,-0.05582,-0.0459666,-0.0339029,-0.0171765,2.63884e-05,0.0165006,0.0332225,0.0457728,0.0592612,-0.000116647,0.0167619,-0.00945071,-0.00813267,-0.00558683,-0.00267583,-8.64803e-06,0.00268121,0.00549196,0.00787685,0.00917379,5.79402e-06,0.00273404,-0.00344531,-0.00302871,-0.00208414,-0.00103955,2.97444e-05,0.00103667,0.00199402,0.00306637,0.00394417,6.72135e-06,0.00102798,-0.0303389,-0.0258761,-0.0172346,-0.00853633,-0.000114359,0.00833393,0.0177024,0.0250618,0.0280752,-5.32606e-05,0.00853936,-0.031171,-0.0266923,-0.0172489,-0.00877652,-0.000151977,0.00857001,0.0181519,0.0259904,0.0291261,-5.63564e-05,0.00873199,0,5.84818,21,492
184928,117006,27370,0.0831147,0.198795,-0.00392246,-0.00353751,-0.00231014,-0.00117398,-8.42916e-06,0.00115363,0.00233869,0.00329631,0.00371453,-1.25509e-05,0.00116895,-0.00493177,-0.00455574,-0.00306183,-0.00149648,1.22287e-05,0.00154994,0.00314696,0.00466981,0.00571923,2.20431e-05,0.00154641,-0.01981,-0.0167233,-0.0112245,-0.00585642,-2.65078e-05,0.0055909,0.0113837,0.0171328,0.0190465,-5.16502e-05,0.00566212,-0.0209121,-0.0180437,-0.01219,-0.0061988,-9.09597e-05,0.00609195,0.012299,0.0186218,0.0209716,-4.50601e-05,0.00614071,-0.00324293,-0.00251988,-0.00173143,-0.000933808,-9.93645e-06,0.000918325,0.0018082,0.00271833,0.00342353,-2.53472e-06,0.000904281,-0.0035043,-0.00306033,-0.00222701,-0.00109114,4.15922e-05,0.00115668,0.0022581,0.00314034,0.00363971,3.77275e-05,0.00111005,-0.0141097,-0.010582,-0.00735226,-0.0036341,-0.000188034,0.00341535,0.00716719,0.0107466,0.0166235,-0.000113907,0.0036086,-0.0155215,-0.0114213,-0.00755473,-0.00390682,-0.000157359,0.00369916,0.00755429,0.0114796,0.0177109,-0.000115411,0.00383571,0,5.05791,10,847
2540,17149,1530,0.0721052,-0.829405,-0.00990262,-0.00848701,-0.00576823,-0.00277118,8.81734e-06,0.00275582,0.00522268,0.00758045,0.00882057,-1.82006e-05,0.00275437,-0.00323742,-0.00271162,-0.00173273,-0.000832323,1.31819e-05,0.000850237,0.00164383,0.00247736,0.00280079,-8.60775e-07,0.000844826,-0.0153652,-0.0117368,-0.00810026,-0.00446087,5.20318e-06,0.00425337,0.00905482,0.0131724,0.0151063,4.06065e-06,0.00431857,-0.0159796,-0.012326,-0.00896333,-0.00472469,-5.90201e-05,0.00462663,0.00986506,0.0144726,0.0171738,8.43688e-06,0.00466406,-0.00709096,-0.00621125,-0.00407065,-0.00198997,-4.2588e-05,0.00186769,0.0035433,0.00485629,0.00562038,-7.20317e-05,0.00192001,-0.0032389,-0.0024621,-0.00155899,-0.000770093,-2.11825e-05,0.000744561,0.00153318,0.00225703,0.00261163,-1.3168e-05,0.000768494,-0.0115931,-0.00844572,-0.00571434,-0.00287149,1.59769e-05,0.00319245,0.00622495,0.0100517,0.012619,9.16024e-05,0.00299821,-0.0121345,-0.00899506,-0.00605341,-0.00308059,4.09594e-05,0.00335447,0.00648483,0.0105869,0.0137879,0.000105063,0.00319149,0,4.89439,17,560
19279012,2939988,873249,0.0378157,0.816739,-0.00477463,-0.00332541,-0.00231643,-0.00117981,-1.33577e-05,0.00110329,0.00224419,0.0035697,0.00460694,-3.1337e-05,0.00115304,-0.0148222,-0.0118461,-0.00774784,-0.00393707,4.68825e-05,0.00376137,0.00771094,0.0115834,0.0125152,-3.78989e-05,0.0038756,-0.0418582,-0.0352184,-0.024773,-0.0125073,-0.000275173,0.0129795,0.0254482,0.0408763,0.0444668,1.72307e-05,0.0126676,-0.0435264,-0.0369859,-0.0256971,-0.0129441,-0.000178674,0.0134629,0.0264239,0.0424173,0.0470778,5.44656e-05,0.0131662,-0.00331419,-0.00306584,-0.00208982,-0.00105013,-3.8971e-06,0.00096503,0.00201531,0.00314646,0.00355007,-2.05844e-05,0.00101331,-0.00706586,-0.00624163,-0.00435185,-0.00215491,1.87361e-05,0.0022034,0.00444002,0.0061858,0.00688799,2.12733e-05,0.00218556,-0.0214878,-0.0201023,-0.0139824,-0.00719561,-0.000160218,0.00676905,0.0133279,0.0217135,0.0276285,-0.000181634,0.00687697,-0.0215333,-0.019947,-0.0142518,-0.00729926,-4.01755e-05,0.00697581,0.0137139,0.0225635,0.0294179,-0.000158519,0.00707927,0,5.47945,19,628
23812,1602292,2277,0.00139832,-1.82795,-0.0383136,-0.0306146,-0.0189161,-0.0100313,-0.000334062,0.00946186,0.0201325,0.02957,0.0330501,-0.000203392,0.00979861,-0.00255512,-0.00232013,-0.00156126,-0.000776733,-4.59589e-06,0.000733559,0.00159681,0.00242323,0.00266704,-1.30006e-05,0.000773234,-0.34191,-0.308331,-0.208456,-0.0967073,0.00296255,0.105092,0.198627,0.316249,0.409647,0.00205701,0.102043,-0.342338,-0.308517,-0.208959,-0.0970667,0.00328257,0.105349,0.199652,0.31673,0.41014,0.00208342,0.102175,-0.0156359,-0.0146567,-0.00969637,-0.00475889,-8.79807e-05,0.0045731,0.00943054,0.0144643,0.0167615,-6.50284e-05,0.00472522,-0.00255634,-0.00229798,-0.00155987,-0.000779702,-4.92749e-06,0.000732499,0.00158291,0.00228735,0.00287223,-1.08713e-05,0.000764689,-0.17161,-0.14284,-0.0950793,-0.0481238,0.00104448,0.0482774,0.0988322,0.150526,0.16536,0.000616253,0.048662,-0.171943,-0.14366,-0.0956111,-0.048046,0.000797626,0.0483296,0.0986305,0.151166,0.166946,0.000630365,0.048725,0,8.28023,113,942
1923,99786,2805,0.0268385,-1.71509,-0.0273173,-0.0236001,-0.015084,-0.00726603,-4.68438e-05,0.00708328,0.0139635,0.0223742,0.0257167,-0.000144112,0.00728701,-0.00326671,-0.00200694,-0.00147301,-0.000753776,1.67691e-06,0.000708508,0.00147813,0.00225598,0.00254475,-1.34391e-05,0.000738499,-0.0178095,-0.0151185,-0.00959519,-0.0046996,-7.01836e-05,0.00496691,0.010548,0.0155317,0.0193102,0.000111479,0.0049863,-0.0185086,-0.0153716,-0.00991825,-0.00495314,-1.97053e-05,0.00522137,0.0109099,0.0157209,0.02034,0.000125105,0.00516043,-0.0199996,-0.0178934,-0.0108212,-0.00536211,-0.00021638,0.00538337,0.0109458,0.0164585,0.0191334,-0.000136698,0.00539315,-0.00303017,-0.00197534,-0.00145224,-0.000746483,-3.28302e-06,0.000699531,0.00141962,0.00219252,0.00253664,-1.3368e-05,0.000723019,-0.0134949,-0.0113788,-0.00739756,-0.00361715,0.000127183,0.00373006,0.00754608,0.0123496,0.0141953,0.000107057,0.00372779,-0.0131418,-0.0123654,-0.00758402,-0.00377586,0.000194066,0.00384374,0.00780026,0.0121926,0.0145105,0.000120133,0.00384132,0,6.46595,57,1003
744726,61756895,974256,0.0153484,-1.91869,-0.0436313,-0.0385871,-0.0265382,-0.0130573,0.000208995,0.0135871,0.026741,0.0410607,0.0550619,0.000102027,0.0133489,-0.00338373,-0.00301542,-0.00209212,-0.00101591,5.89047e-06,0.00103368,0.00205217,0.0030145,0.00375282,7.71121e-06,0.00102207,-0.0415093,-0.0321307,-0.0204139,-0.0104153,-0.000144556,0.0101546,0.0206858,0.0295422,0.0320786,-9.80015e-05,0.0102192,-0.0418807,-0.0317754,-0.0211281,-0.0105763,-5.81588e-05,0.0103981,0.0208635,0.0301004,0.0331244,-0.000102651,0.0104178,-0.0301372,-0.027067,-0.0180583,-0.00876823,0.000225712,0.00915261,0.0179347,0.0261864,0.0312111,0.000102278,0.00898681,-0.00326358,-0.00285903,-0.00205487,-0.000988548,1.94586e-05,0.00101422,0.00206218,0.00295855,0.00369466,1.14464e-05,0.00100763,-0.0217399,-0.0204142,-0.0139312,-0.00692164,-0.00012948,0.00679244,0.0138468,0.0201809,0.0261564,-9.82786e-05,0.00687836,-0.0226314,-0.0205616,-0.0144359,-0.00706571,-0.000192653,0.0069243,0.0142338,0.0208635,0.025981,-0.000107714,0.00700959,0,7.44284,27,268
11958008,134200029,15335333,0.0949595,-1.05009,-0.0178378,-0.0151371,-0.0102587,-0.00518838,-0.000165693,0.00514409,0.010191,0.015885,0.0189136,-5.42071e-05,0.00513566,-0.00402263,-0.003674,-0.0023925,-0.00123751,-1.23006e-05,0.00128944,0.00244688,0.0041143,0.00466521,1.89855e-05,0.0012416,-0.0142013,-0.0120289,-0.00825079,-0.00390407,1.58793e-05,0.00410438,0.00780233,0.0112887,0.0138061,3.21492e-05,0.0040102,-0.0156285,-0.0135511,-0.00903032,-0.0043107,1.48869e-05,0.00455985,0.00860337,0.0127655,0.0160395,1.96256e-05,0.00442403,-0.0147696,-0.0107366,-0.00712715,-0.00365541,-5.4808e-05,0.00364123,0.00726621,0.0104458,0.0117209,-1.50971e-05,0.00358721,-0.00422813,-0.00359636,-0.00227347,-0.00111667,1.41608e-05,0.00115632,0.00228283,0.00359607,0.00420547,2.09576e-05,0.00114074,-0.0112262,-0.00828758,-0.00564242,-0.00288852,2.80939e-05,0.00288611,0.0056596,0.00818869,0.00892209,2.30675e-06,0.00284446,-0.0113637,-0.00927533,-0.00615069,-0.00313757,-1.48048e-05,0.00308582,0.00591749,0.00914147,0.00969462,-1.31816e-05,0.00303703,0,5.06181,11,587
1205,110226,691,0.00616293,-1.9613,-0.0354769,-0.0292295,-0.0192018,-0.00940093,0.000156634,0.00966138,0.0183806,0.0267799,0.0286722,2.21902e-05,0.0094453,-0.00239711,-0.0018991,-0.00141539,-0.000713879,-1.58301e-05,0.000703501,0.00140925,0.00236211,0.00280856,-4.53591e-06,0.000713065,-0.051413,-0.0456055,-0.0318507,-0.0163381,-0.000353331,0.0164064,0.0332988,0.0524197,0.0600347,-7.91648e-05,0.0164156,-0.0513567,-0.0463543,-0.0320258,-0.0165477,-0.000461702,0.0164882,0.0335857,0.0533099,0.0609851,-7.22007e-05,0.0165381,-0.0240573,-0.0197744,-0.0130641,-0.00651841,0.000114518,0.00655606,0.0131703,0.0189501,0.0228156,8.7526e-05,0.00652157,-0.00242325,-0.00187824,-0.00140828,-0.000700813,-2.0372e-05,0.000689087,0.00139435,0.00229094,0.00277951,-3.45066e-06,0.000705897,-0.0374306,-0.0324041,-0.0229426,-0.0114024,-0.000354822,0.0111722,0.0228932,0.0337587,0.0402953,-0.000197953,0.0113002,-0.0380383,-0.0334133,-0.0228376,-0.0112544,-0.000340264,0.0112733,0.0229432,0.0336265,0.0403655,-0.000193161,0.0113775,0,6.61386,121,1523
773240139,13474584,20465059,0.0253538,1.7588,-0.00353077,-0.00288147,-0.00206868,-0.00103612,-2.53624e-05,0.00105363,0.00210635,0.00332221,0.00464061,5.28548e-06,0.00105816,-0.0381712,-0.0311518,-0.0209612,-0.0104019,-0.000166958,0.0107813,0.0220249,0.0322191,0.0406568,9.5658e-05,0.010689,-0.0283749,-0.0209914,-0.0146602,-0.00711235,0.000159975,0.0069834,0.0139597,0.0204677,0.0250724,-1.38465e-05,0.00710067,-0.0289923,-0.0215089,-0.015024,-0.00742736,0.000140672,0.00737282,0.0145812,0.0220529,0.0255899,-1.78685e-05,0.00734608,-0.00345006,-0.00280716,-0.00198293,-0.00101499,-1.50795e-05,0.00106061,0.00206274,0.00326863,0.00402045,1.03312e-05,0.00103574,-0.0331158,-0.0233756,-0.0149804,-0.00724253,0.000218787,0.00757229,0.0151599,0.0233155,0.0288811,0.000155278,0.00752825,-0.0182437,-0.0147654,-0.00997872,-0.00510385,4.33419e-05,0.00492954,0.0101145,0.0153999,0.0212928,-5.31679e-05,0.00503248,-0.0180856,-0.0149512,-0.0102427,-0.00533107,-2.67081e-05,0.00504689,0.0104643,0.0162885,0.0207615,-6.30121e-05,0.00518971,0,6.85419,28,265
5046,307179,8549,0.0266512,-1.78444,-0.0300014,-0.0237733,-0.0163081,-0.0081585,-0.000165928,0.00799085,0.0163595,0.02353,0.0290664,-0.000106812,0.0081176,-0.00259099,-0.00216574,-0.00146294,-0.000716836,1.08226e-05,0.000737509,0.00145929,0.00212838,0.00252764,7.84098e-06,0.000729923,-0.0169404,-0.0138134,-0.00942583,-0.00458957,0.000130154,0.004781,0.00948993,0.0139215,0.0172552,7.83275e-05,0.0047265,-0.0174415,-0.0143106,-0.00985494,-0.00480041,9.7416e-05,0.00496015,0.0098482,0.0145423,0.0182569,7.15685e-05,0.00491589,-0.0198837,-0.0166648,-0.0115925,-0.00607411,-5.51487e-05,0.00592,0.0115442,0.0167993,0.0190662,-7.06853e-05,0.00590536,-0.00241295,-0.00211869,-0.00142998,-0.000703658,9.37504e-06,0.000716301,0.00141011,0.002107,0.0025511,8.40312e-06,0.000712844,-0.012076,-0.00984267,-0.00665849,-0.00348,1.74172e-05,0.00356186,0.0070264,0.00994141,0.0116067,5.78614e-05,0.00347967,-0.0135914,-0.0100661,-0.0069298,-0.00364956,8.67499e-05,0.00372425,0.00741593,0.0108405,0.0123704,5.00539e-05,0.00360298,0,6.63546,60,1270
16317,74032,6343,0.0656,-0.656779,-0.00796523,-0.00741744,-0.00460846,-0.0023415,-1.45753e-06,0.00235715,0.00456169,0.00635727,0.00930769,-2.24095e-05,0.00231668,-0.00289231,-0.00260023,-0.00179611,-0.000891749,1.00458e-05,0.000866486,0.00172309,0.00265988,0.00285697,-1.12932e-05,0.000883214,-0.0195924,-0.0154596,-0.0107489,-0.00540125,1.1537e-05,0.00547903,0.0109485,0.0159451,0.0221403,4.13663e-05,0.00547647,-0.0208385,-0.0164279,-0.0113714,-0.00575273,0.000108533,0.00582975,0.0117264,0.0173311,0.0234355,5.33647e-05,0.00583783,-0.00643111,-0.00485567,-0.00334209,-0.00163173,2.52743e-05,0.00158771,0.00322797,0.00471053,0.00724462,1.29045e-06,0.00161679,-0.00288033,-0.00220789,-0.00155878,-0.000810549,-4.83539e-06,0.000767755,0.00153359,0.00238396,0.00271807,-4.71839e-06,0.000785177,-0.0146196,-0.0111393,-0.00720752,-0.00371613,-3.55784e-05,0.00370183,0.00743231,0.0103894,0.0124904,-1.90009e-05,0.00367607,-0.015509,-0.0113673,-0.00750754,-0.00383991,-2.85497e-05,0.00390047,0.00771409,0.0113208,0.0139662,-1.34671e-05,0.00386275,0,5.44554,13,410
50221,4898,958,0.0170837,1.01087,-0.00259004,-0.00243677,-0.00165155,-0.000811675,-2.65862e-06,0.000752472,0.00148367,0.0021567,0.00273561,-1.34689e-05,0.000788106,-0.0111924,-0.00997498,-0.00653193,-0.0032771,4.48326e-05,0.00325812,0.00630267,0.00855859,0.0102603,-3.02727e-05,0.00322946,-0.0561996,-0.0424465,-0.0313985,-0.0161272,0.000149556,0.0164094,0.0325995,0.0496795,0.0628131,0.000163443,0.0161474,-0.0565508,-0.0435483,-0.0317453,-0.0163424,0.000125987,0.0168265,0.0329061,0.0509809,0.0637606,0.000180299,0.0164358,-0.00292035,-0.00224138,-0.0015309,-0.000760118,2.22356e-06,0.000756949,0.00142311,0.00205669,0.0025225,-8.3551e-06,0.000745388,-0.00667724,-0.00626315,-0.00413982,-0.0020312,1.2511e-05,0.00206274,0.00408598,0.00576043,0.00772585,1.99012e-05,0.00205857,-0.0374065,-0.0312587,-0.020078,-0.0100234,-0.000185193,0.00990317,0.0201129,0.0277721,0.0323322,-9.51555e-05,0.0099552,-0.0373742,-0.0323338,-0.0202498,-0.0102077,-0.00018462,0.0100876,0.0202267,0.0288169,0.0325706,-8.57935e-05,0.0101313,0,7.31233,19,795
452822,1097816,48262,0.0301845,-0.384602,-0.00704011,-0.00552398,-0.00390738,-0.00193848,3.08642e-05,0.00205432,0.00397051,0.00557777,0.00702261,4.77191e-05,0.00198204,-0.00367467,-0.00321478,-0.00212935,-0.00105741,1.3492e-05,0.00108553,0.00214131,0.00337763,0.00417934,1.34934e-05,0.0010793,-0.0604921,-0.0514002,-0.0347982,-0.0178199,-0.000559657,0.0167405,0.0342765,0.0508882,0.0557723,-0.000549816,0.0171821,-0.0619545,-0.0522204,-0.0357854,-0.0184801,-0.000509614,0.0173015,0.035583,0.0518733,0.0581053,-0.00054653,0.0177075,-0.00465181,-0.00329875,-0.00234851,-0.00112948,5.91619e-05,0.00126256,0.00247803,0.00337711,0.00520455,6.29337e-05,0.00120055,-0.00327895,-0.00242418,-0.00161746,-0.000816792,7.38613e-06,0.000831422,0.00175868,0.00261888,0.0032318,1.92272e-05,0.000834997,-0.0320745,-0.0274564,-0.018423,-0.0097575,-0.000774702,0.00837666,0.0173967,0.0243357,0.0330955,-0.000686834,0.00899969,-0.0329366,-0.0285117,-0.0189535,-0.0100387,-0.000778621,0.00863753,0.0178387,0.0251721,0.0332575,-0.00069481,0.00923259,0,5.61806,19,1180
2919,84256,2210,0.0247245,-1.46037,-0.0196593,-0.0171224,-0.0114227,-0.00583324,-0.000153331,0.00531703,0.0107654,0.0162847,0.0197905,-0.000227602,0.00557158,-0.00255448,-0.00227327,-0.00153953,-0.000797201,-7.11557e-06,0.000720468,0.0015014,0.0021499,0.00269689,-1.78056e-05,0.000761163,-0.0259476,-0.0229527,-0.0137689,-0.0069287,0.000146392,0.00754492,0.0150762,0.0226194,0.0261897,0.00027289,0.00726198,-0.0270344,-0.0236357,-0.0145016,-0.00710697,0.000115124,0.00782113,0.015459,0.0230778,0.0257333,0.000292188,0.00747439,-0.0132496,-0.0120439,-0.00784349,-0.00415556,-3.29184e-05,0.00379844,0.00752596,0.010965,0.0144526,-0.00011924,0.00390483,-0.00259349,-0.0020602,-0.00148495,-0.000759589,-2.34811e-06,0.000721103,0.00145506,0.00216631,0.00229028,-1.3463e-05,0.000736158,-0.0174829,-0.0146818,-0.00965589,-0.00491645,-3.34976e-06,0.00520892,0.0102026,0.0155648,0.0173774,0.000132341,0.0050696,-0.017554,-0.0151378,-0.0100538,-0.00498892,3.3541e-06,0.00538103,0.0105026,0.0159718,0.0177326,0.000146524,0.00519164,0,5.12931,45,941
721215037,13049219720,145319400,0.0104428,-1.25752,-0.0208173,-0.018228,-0.0121626,-0.00610339,0.000130539,0.00626289,0.0123212,0.0177351,0.0200912,3.20015e-05,0.00615585,-0.00394183,-0.00336251,-0.00212254,-0.00108273,-1.08978e-05,0.00112238,0.00220195,0.00317449,0.00361235,7.78561e-06,0.00108524,-0.101295,-0.0822676,-0.0597003,-0.0304897,-0.00043841,0.0302556,0.0593231,0.0912746,0.101092,-0.000175068,0.0300512,-0.0999745,-0.0833003,-0.0607431,-0.0306993,-0.000446018,0.0307074,0.0598009,0.0916047,0.100918,-0.000173058,0.0303356,-0.0114189,-0.0101576,-0.00639462,-0.00324115,-7.10274e-05,0.00319262,0.00623078,0.00962066,0.0112073,-4.35145e-05,0.00320264,-0.00381909,-0.00303451,-0.00207922,-0.00104551,-1.9718e-05,0.00106358,0.00210156,0.00312531,0.00358236,2.37257e-06,0.00105414,-0.0459796,-0.0434084,-0.0295467,-0.0148705,0.000310466,0.0153442,0.0300241,0.0456812,0.0521997,0.00019972,0.0150074,-0.047653,-0.0441028,-0.029745,-0.0151483,0.00029735,0.0154055,0.030695,0.0461543,0.0523908,0.000200343,0.0151525,0,6.61086,44,590
1287276,59347163,286512,0.00470301,-1.66373,-0.0339556,-0.0278157,-0.0189173,-0.00997026,-0.000393508,0.00952583,0.0184785,0.0267235,0.0399565,-0.000278679,0.00964288,-0.00349122,-0.0029871,-0.00209134,-0.00102136,4.24415e-05,0.00100273,0.00201143,0.0029683,0.00352796,6.71345e-06,0.00101719,-0.174251,-0.120915,-0.0847867,-0.0428429,0.0016342,0.0451472,0.0846378,0.12347,0.152021,0.00118349,0.0432787,-0.175805,-0.120689,-0.0855923,-0.0430872,0.00191576,0.0456651,0.0854037,0.124758,0.153993,0.00118766,0.043508,-0.0159121,-0.0139158,-0.00960925,-0.00504192,-0.000119248,0.00487917,0.00960294,0.0129328,0.0153783,-6.83951e-05,0.00488128,-0.00326565,-0.0028267,-0.00202145,-0.000986255,2.67866e-05,0.00100147,0.00196234,0.00301251,0.00358378,1.24207e-05,0.000997108,-0.0644714,-0.0578253,-0.0427686,-0.0219397,0.000452919,0.0219176,0.0439908,0.0618594,0.0704497,0.000238728,0.0216786,-0.0657065,-0.0583588,-0.0429963,-0.0218509,0.000475716,0.0219271,0.0439816,0.0620174,0.0724051,0.000230019,0.021798,0,12.324,77,423
5235826,119095712,586521,0.00469525,-1.35691,-0.0256542,-0.0207503,-0.0140165,-0.00724831,-0.000128687,0.00682218,0.0138813,0.0217507,0.024168,-0.000126425,0.00703261,-0.00393253,-0.00328638,-0.00217123,-0.00106631,-3.21878e-07,0.00111532,0.00215142,0.00332044,0.00415579,1.06316e-05,0.00109062,-0.237717,-0.193129,-0.123413,-0.0613374,0.000453345,0.0635977,0.124891,0.179739,0.210058,0.00116376,0.0623105,-0.23804,-0.193092,-0.123016,-0.0616747,0.000292118,0.0640381,0.124883,0.179807,0.210768,0.00117249,0.0626054,-0.0110005,-0.00941425,-0.00615218,-0.00310911,-8.73183e-05,0.00311409,0.00619148,0.00969656,0.0128434,-3.60463e-05,0.00312685,-0.00396265,-0.00304802,-0.00210409,-0.00103438,1.10105e-05,0.00108228,0.00205668,0.00300797,0.00392838,1.50108e-05,0.00105316,-0.103918,-0.0851737,-0.054824,-0.0259862,0.000468256,0.0268423,0.0533738,0.0757579,0.102136,0.000356843,0.0268821,-0.104374,-0.0850646,-0.0550733,-0.0260032,0.000593343,0.0270852,0.0542036,0.0760383,0.10197,0.000346149,0.0270024,0,10.8356,77,468
4054,32092,272,0.00746883,-0.898513,-0.0101128,-0.00832361,-0.00583896,-0.00290514,-3.67506e-06,0.00281303,0.00555019,0.0086677,0.00903104,-3.3653e-05,0.00286444,-0.00300888,-0.00220969,-0.00155888,-0.00073268,1.54032e-05,0.000785263,0.0015569,0.00213132,0.00231663,1.51916e-05,0.000768111,-0.151737,-0.126166,-0.080403,-0.0408077,-0.000310782,0.0417082,0.0835405,0.120561,0.140809,0.000155027,0.0412377,-0.152728,-0.126349,-0.0806768,-0.0407944,-0.000490686,0.0420869,0.0841212,0.121172,0.141377,0.000156381,0.0415262,-0.00684669,-0.00576676,-0.00380104,-0.00183303,-8.47492e-08,0.00174188,0.00340759,0.00518508,0.00621722,-4.54821e-05,0.00180946,-0.00272837,-0.00206066,-0.00141919,-0.000698424,3.43986e-06,0.000725984,0.00146067,0.00205926,0.00230939,1.3552e-05,0.000720616,-0.089496,-0.0704396,-0.0478418,-0.0242042,-0.000344847,0.0248297,0.0513837,0.0774983,0.094405,0.000331189,0.0246609,-0.0897959,-0.0704494,-0.0481776,-0.024568,-0.000420813,0.02503,0.0517369,0.0780897,0.0955896,0.000326155,0.0248276,0,7.59616,29,1053
47102261762,2264762985,1174389309,0.0232362,1.31802,-0.00456692,-0.00336847,-0.00221254,-0.00108762,3.16866e-06,0.00105602,0.00212979,0.00318504,0.00419229,-1.72435e-05,0.00108244,-0.0278648,-0.0208867,-0.0137449,-0.00690233,7.46547e-05,0.00691722,0.013481,0.018892,0.0237319,1.72639e-05,0.00683996,-0.0459641,-0.0366674,-0.0260802,-0.0131355,-0.000110985,0.0131933,0.0261494,0.0390418,0.0515411,-3.32852e-05,0.0130774,-0.0471994,-0.0378027,-0.0265505,-0.0134707,-7.2072e-05,0.0136178,0.0266221,0.040831,0.0535107,-1.25964e-05,0.0133885,-0.00440604,-0.00324222,-0.00212334,-0.00104042,1.24115e-06,0.00101334,0.00204648,0.00313092,0.00363157,-2.08828e-05,0.00103814,-0.0138218,-0.0123007,-0.0080086,-0.00406062,-9.55048e-06,0.00393591,0.00789271,0.0119589,0.013108,-2.7195e-05,0.0039765,-0.0244561,-0.0212734,-0.0147765,-0.0073557,3.56472e-05,0.00750187,0.0147461,0.0225872,0.0258562,5.25972e-05,0.00744697,-0.0268034,-0.0221621,-0.0149267,-0.00748835,1.58088e-05,0.00772094,0.0151457,0.0233965,0.0266044,7.35955e-05,0.00758938,0,7.90009,18,258
15837,13915,1441,0.0461963,0.0561897,-0.00446834,-0.00334972,-0.00239576,-0.00119724,-3.54315e-05,0.00118771,0.00236529,0.00342339,0.00360834,-2.07658e-05,0.00119302,-0.00399998,-0.00375531,-0.0025604,-0.00131195,-1.31036e-05,0.00132485,0.00257706,0.00368346,0.00500599,-3.14758e-06,0.00130476,-0.0434328,-0.0269218,-0.0201326,-0.0103736,-5.43619e-05,0.0105526,0.0204071,0.02757,0.0346062,-3.85399e-06,0.0102055,-0.0453209,-0.0284665,-0.0211662,-0.0107666,-4.23074e-05,0.0111016,0.021214,0.0287747,0.0348963,1.35734e-05,0.0106896,-0.00331141,-0.00296926,-0.00188352,-0.000872904,-9.11688e-06,0.000849347,0.00175063,0.00255821,0.00283017,-1.57101e-05,0.000894691,-0.00371406,-0.00297757,-0.00189829,-0.000989637,-2.3155e-06,0.0010016,0.00192711,0.00282543,0.00292783,4.16629e-06,0.000982667,-0.0232913,-0.0202633,-0.012358,-0.00626989,-9.92402e-05,0.00607292,0.0128078,0.0181833,0.0268907,-6.42905e-05,0.00626616,-0.0242688,-0.0211136,-0.0129125,-0.00649783,-0.00015527,0.0063205,0.0134219,0.0197133,0.0278248,-5.33795e-05,0.00652633,0,4.46775,15,1315
3083083913,1174389309,162128255,0.0366839,0.419173,-0.00500679,-0.00412463,-0.00272211,-0.00139312,-2.2004e-07,0.00140143,0.00281279,0.00407205,0.00501846,-9.36624e-07,0.00138569,-0.00873997,-0.00760525,-0.00514129,-0.00254344,-6.09942e-05,0.002459,0.00492182,0.00836926,0.0088284,-4.32867e-05,0.00253839,-0.0605648,-0.052614,-0.0333633,-0.0166623,0.00045951,0.0171136,0.0347316,0.0559106,0.0626904,0.00038964,0.0170034,-0.0627816,-0.0555476,-0.0346756,-0.0172203,0.000506356,0.0177996,0.0360401,0.0584052,0.0642352,0.000398665,0.0176193,-0.00392079,-0.00291625,-0.00217659,-0.00110095,1.8378e-05,0.00113104,0.0023136,0.00349283,0.00388979,1.56428e-05,0.00111177,-0.00582097,-0.00449501,-0.0030209,-0.00149137,1.21068e-05,0.0014664,0.00293003,0.00405279,0.00487212,-3.50207e-06,0.00150193,-0.0292153,-0.0244622,-0.015908,-0.00799669,6.98372e-05,0.00814316,0.017271,0.0242799,0.0281025,0.000101744,0.00810872,-0.0300745,-0.0243733,-0.0162601,-0.0082419,5.34329e-05,0.00837858,0.017534,0.0247493,0.0298202,9.03266e-05,0.00834626,0,5.9553,16,663
464,305,14,0.0178799,0.182218,-0.00595523,-0.00593606,-0.00377682,-0.00162694,0.000521898,0.000534678,0.000545114,0.000555513,0.000563395,-1.52042e-05,0.00107799,-0.0059864,-0.00597698,-0.00269876,-0.00266108,0.000598133,0.000613142,0.000626271,0.000640072,0.000649669,-5.69606e-06,0.00138858,-0.0103181,-0.0102099,-0.0100101,-0.00981767,-0.0095987,-0.00930394,0.0620534,0.133459,0.133729,7.62057e-05,0.0261934,-0.0107109,-0.0105989,-0.0103835,-0.0101733,-0.00991822,-0.00857066,0.0640737,0.136127,0.137463,9.89352e-05,0.0267038,-0.0061338,-0.00403663,-0.00185473,0.000255303,0.000323504,0.000339893,0.000353948,0.000369381,0.00242857,-2.16771e-05,0.000866135,-0.00628869,-0.00624787,-0.00299503,0.000261277,0.000299303,0.000321511,0.000340608,0.000359917,0.00347422,-1.51413e-05,0.000999952,-0.0730079,-0.00473002,-0.00404495,-0.00362192,-0.00313404,-0.00233562,0.0682908,0.0712978,0.139858,0.000281533,0.0155259,-0.0732427,-0.00486257,-0.00430858,-0.00384282,-0.00327163,-0.00181701,0.0695848,0.0728315,0.142493,0.000299976,0.0158366,0,5.9502,19,201
3224,3857,87,0.0121373,-0.0778546,-0.0047465,-0.00406746,-0.0025378,-0.00124515,2.3348e-05,0.00127688,0.00245487,0.00319824,0.00345332,1.55757e-05,0.0012728,-0.00386009,-0.00355249,-0.00233348,-0.0012017,6.20118e-05,0.00112218,0.0021372,0.00294076,0.0033897,1.62501e-05,0.00113064,-0.104186,-0.09617,-0.0776234,-0.0433122,0.00133221,0.0372946,0.0826409,0.130153,0.164687,-0.000717333,0.0391178,-0.105423,-0.0973668,-0.0782918,-0.0436291,0.00117725,0.0378573,0.0834679,0.131693,0.166757,-0.00070503,0.0396071,-0.00384491,-0.00303664,-0.00201631,-0.000943424,2.20884e-05,0.000945028,0.00179347,0.00245646,0.00275978,3.31861e-06,0.000948016,-0.00292458,-0.00279276,-0.00178441,-0.000863871,5.58632e-05,0.00085724,0.00160074,0.00220143,0.00243422,6.30574e-06,0.000867671,-0.0694289,-0.0559773,-0.0421678,-0.0229113,-0.000822729,0.0237564,0.0502804,0.0806211,0.0921288,-0.000272779,0.0233923,-0.0704195,-0.056161,-0.042551,-0.0231616,-0.000836687,0.0240774,0.0508829,0.0814566,0.0935881,-0.000267439,0.0236813,0,5.39904,11,969
5329186306,4114387435,429886036,0.0435396,0.112356,-0.00552396,-0.00481304,-0.00341013,-0.00164233,-2.17108e-05,0.00167237,0.00326376,0.00478944,0.00552731,-3.31296e-06,0.00166486,-0.00736559,-0.00590939,-0.0038722,-0.00191204,5.11113e-05,0.00198618,0.00387259,0.00584013,0.00642453,2.10657e-05,0.00195899,-0.0585828,-0.0480197,-0.0312903,-0.0159359,0.000350514,0.0160507,0.0313141,0.0443547,0.0560652,0.000141074,0.0159027,-0.0610558,-0.0495506,-0.0323879,-0.0164525,0.000171398,0.0166029,0.0330031,0.0462209,0.0590569,0.000139388,0.0165768,-0.00538316,-0.00344763,-0.00235239,-0.0011699,3.62748e-05,0.00117131,0.00239008,0.00348671,0.00395683,1.76554e-05,0.00118155,-0.00411132,-0.00362062,-0.00254908,-0.00124883,6.7378e-05,0.00131023,0.00260211,0.0035435,0.00449442,4.84841e-05,0.00128136,-0.0304059,-0.0238142,-0.0151184,-0.00759573,-0.000152454,0.00750529,0.0152552,0.0230223,0.0308529,-0.000114846,0.00755018,-0.0313331,-0.0244072,-0.01534,-0.00787695,-0.000194831,0.00758246,0.0156033,0.0237864,0.0339306,-0.000137505,0.00778139,0,10.7819,28,325
34751,2138265,6343,0.00291049,-1.78909,-0.0357101,-0.0290358,-0.0195203,-0.00958262,-6.43204e-05,0.0095952,0.0193314,0.029258,0.031287,-4.96108e-05,0.0096554,-0.00362645,-0.00246541,-0.00163797,-0.000814562,-2.33921e-05,0.000804354,0.00167272,0.0023935,0.00272093,-1.28576e-05,0.000816971,-0.173636,-0.161199,-0.106283,-0.0523622,-0.00039761,0.0515536,0.107699,0.158632,0.18775,0.000300738,0.052779,-0.174725,-0.160933,-0.106778,-0.0527117,-0.000283182,0.0518892,0.108547,0.159197,0.187968,0.000322282,0.0529454,-0.0167521,-0.015164,-0.00991638,-0.00509269,-1.15684e-05,0.00503257,0.010008,0.0144485,0.0187559,-2.38439e-05,0.00500244,-0.00357894,-0.0024186,-0.0016109,-0.000781154,-2.73116e-05,0.000791881,0.00162942,0.00237856,0.00273994,-1.21777e-05,0.000803522,-0.105093,-0.0809481,-0.0544631,-0.0279238,0.000227487,0.0270031,0.053412,0.0795037,0.0869396,0.000165336,0.0271006,-0.105989,-0.0807532,-0.0546519,-0.02789,0.000296514,0.027068,0.0536314,0.0793441,0.0886798,0.000179672,0.0271816,0,7.27033,75,960
9703090,3733007,18023,0.00133959,0.414851,-0.00553524,-0.00419306,-0.00269655,-0.00129639,1.1651e-05,0.00127479,0.00251546,0.00389907,0.00530899,-1.34776e-05,0.00129983,-0.00920815,-0.00716791,-0.00482295,-0.00250377,-5.87906e-05,0.0024589,0.00491509,0.00737023,0.00912711,-3.16886e-05,0.00248031,-1,-1,-0.936952,-0.472162,0.00541938,0.488951,0.948052,1.33484,1.99415,0.0107959,0.468702,-1,-1,-0.937011,-0.472861,0.00598113,0.490196,0.951208,1.33914,2.00422,0.0111055,0.469375,-0.00376227,-0.00305256,-0.00196929,-0.00094381,7.00942e-06,0.00102358,0.00200095,0.0029996,0.00380385,2.47668e-05,0.00099557,-0.00361326,-0.00321541,-0.00218286,-0.00106581,2.70575e-05,0.00117495,0.00242703,0.00573871,0.00645929,6.74655e-05,0.00121218,-0.999945,-0.999945,-0.297039,-0.13909,-0.00273574,0.132306,0.261753,0.404317,0.439169,-0.0127746,0.172244,-0.999945,-0.999945,-0.297155,-0.139466,-0.00262916,0.133195,0.263588,0.404302,0.439904,-0.0127575,0.17237,0,15.4224,148,219
220709637,721215037,6325446,0.00667065,-0.514243,-0.0119082,-0.00861568,-0.00551244,-0.00270855,6.49238e-05,0.00294418,0.00581558,0.00868833,0.0126869,0.000112811,0.002823,-0.00435921,-0.00354306,-0.00256125,-0.00124118,5.72635e-05,0.00131932,0.00252341,0.00391004,0.00527355,5.3513e-05,0.0012832,-0.360487,-0.270746,-0.184362,-0.0956903,-0.00499346,0.0872206,0.174166,0.268745,0.340737,-0.00405684,0.091023,-0.362754,-0.271852,-0.185982,-0.096686,-0.00518428,0.0875587,0.175759,0.271186,0.345618,-0.0040414,0.091618,-0.00462956,-0.00400958,-0.00268145,-0.00136317,2.24199e-05,0.00140379,0.00278694,0.00381973,0.00457556,2.06946e-05,0.00136523,-0.0034196,-0.00303003,-0.00203837,-0.0010346,2.60888e-05,0.00108946,0.00212481,0.0030736,0.00416671,2.49027e-05,0.00104817,-0.11713,-0.101163,-0.0628542,-0.0327446,-0.00102211,0.03098,0.0634892,0.0963271,0.111145,-0.000841933,0.0319313,-0.116463,-0.101778,-0.063237,-0.0331122,-0.000979231,0.0314707,0.0638043,0.0967534,0.112124,-0.000853741,0.0321169,0,8.63666,55,233
26507497,8275003,1479690,0.0408053,0.505601,-0.00495733,-0.00414372,-0.00274326,-0.00138181,-9.15484e-05,0.00126661,0.00255993,0.00371616,0.00433339,-7.54638e-05,0.00133267,-0.0103277,-0.00899156,-0.00574875,-0.00292107,-0.000126475,0.00280578,0.00578256,0.00818648,0.00943146,-9.18703e-05,0.0028739,-0.0535333,-0.0447364,-0.0302564,-0.0144315,0.000554729,0.0149589,0.0304584,0.0456271,0.0595124,0.000347944,0.0150312,-0.054658,-0.0468969,-0.031209,-0.0149677,0.00057611,0.0157672,0.0318334,0.0481266,0.0632648,0.000420024,0.0156593,-0.00348285,-0.00297631,-0.00220922,-0.00112688,-5.40379e-05,0.00105848,0.00206524,0.00289794,0.00310512,-5.0767e-05,0.00107397,-0.00635246,-0.00503173,-0.00324795,-0.00166711,-1.11542e-05,0.00159449,0.00320547,0.00456447,0.0059109,-2.05399e-05,0.00162805,-0.0249277,-0.0226602,-0.0150066,-0.00747337,-0.000158951,0.00747866,0.014856,0.0209771,0.0227531,-5.0057e-05,0.00742925,-0.0260677,-0.0230349,-0.0155464,-0.00766368,-6.29055e-05,0.00782538,0.0153155,0.0217514,0.0229761,-4.05416e-06,0.0076717,0,5.62946,19,555
35805,1707,146,0.003877,1.32171,-0.00242487,-0.00216043,-0.00151096,-0.000732968,8.67753e-06,0.000745227,0.00142128,0.00200961,0.00252265,-4.85522e-06,0.000733326,-0.0166868,-0.0146631,-0.00944885,-0.00454224,7.38519e-06,0.00459528,0.00881549,0.0126727,0.0158996,2.85533e-06,0.00455837,-0.181324,-0.146945,-0.100704,-0.0528885,8.19249e-05,0.0520245,0.105859,0.166237,0.206461,-2.73655e-05,0.0525745,-0.182132,-0.147687,-0.101312,-0.0533201,0.000253905,0.0524508,0.106686,0.166813,0.207321,-1.14892e-05,0.0527854,-0.00224037,-0.00216805,-0.00148863,-0.000712012,6.96301e-06,0.000731506,0.00139566,0.00204036,0.00258524,-4.51086e-06,0.000714592,-0.0103717,-0.00854053,-0.00585252,-0.00278285,0.000120723,0.00273693,0.00533625,0.00742333,0.00834059,1.42824e-05,0.0027698,-0.0892168,-0.0861356,-0.0602087,-0.0312365,-0.000989594,0.0309647,0.0649623,0.0956213,0.111773,-0.000160015,0.0312391,-0.089293,-0.0861941,-0.0604967,-0.031581,-0.00102762,0.0312162,0.0650088,0.0961151,0.113868,-0.000151152,0.031379,0,8.09931,75,972
447341132,750499260,3089958,0.00257297,-0.224711,-0.00776295,-0.0059893,-0.00425188,-0.00221501,4.225e-06,0.00210425,0.00408486,0.00608934,0.00793937,-3.9154e-05,0.00212816,-0.00507788,-0.00424851,-0.00306294,-0.00143969,1.18224e-05,0.00143308,0.0030205,0.00446159,0.00502074,7.93166e-06,0.00147559,-0.913523,-0.770675,-0.523847,-0.260603,0.00663249,0.271823,0.548133,0.778392,0.943505,0.0057524,0.267169,-0.913735,-0.771148,-0.52444,-0.261202,0.00649243,0.271996,0.549768,0.78131,0.949622,0.00592976,0.267857,-0.004808,-0.00340547,-0.00238582,-0.00113699,-1.22558e-05,0.00112546,0.00229726,0.00356499,0.00399605,-1.82339e-05,0.00116738,-0.00342122,-0.00321786,-0.00208258,-0.00101989,-7.12634e-06,0.00108251,0.00216381,0.00334478,0.0039353,2.03592e-05,0.00106186,-0.286421,-0.227062,-0.15966,-0.0754782,0.00085876,0.0818089,0.164896,0.240041,0.266293,0.0027418,0.0806292,-0.286932,-0.226978,-0.160545,-0.0759063,0.000395604,0.0817732,0.165507,0.24119,0.266084,0.00274591,0.0808379,0,17.0603,134,270
1634498,8441331,53310,0.00526303,-0.713027,-0.0113375,-0.00975721,-0.00665169,-0.00345672,-9.54201e-05,0.0032627,0.0065788,0.00918871,0.0104442,-6.55776e-05,0.00332964,-0.00398283,-0.00346874,-0.00232448,-0.00117083,-1.41365e-05,0.00112632,0.00227652,0.00322516,0.00469046,-1.82506e-05,0.0011444,-0.319203,-0.28594,-0.201138,-0.0986543,0.00214907,0.10233,0.196844,0.290366,0.351592,0.0020031,0.0992428,-0.321262,-0.287371,-0.202498,-0.0988853,0.00251521,0.102518,0.197601,0.292393,0.354825,0.00207108,0.0997706,-0.00441677,-0.0041482,-0.00271002,-0.00135231,1.61505e-05,0.00151481,0.00280379,0.00412885,0.00508946,3.55022e-05,0.00140819,-0.00310474,-0.00295232,-0.00195081,-0.00096943,1.2725e-05,0.000970377,0.00193689,0.00282495,0.00334317,1.67697e-06,0.000969648,-0.133286,-0.111212,-0.0729649,-0.0372687,0.000492476,0.0336781,0.0699817,0.102416,0.136561,-0.00109528,0.0360144,-0.13336,-0.111281,-0.0729045,-0.0378371,0.000462791,0.033848,0.0705148,0.103643,0.138244,-0.00109104,0.03616,0,7.45845,89,583
5235826,485486,64405,0.0111317,1.03281,-0.00337421,-0.00300905,-0.0019619,-0.000983404,-1.31692e-05,0.00099637,0.00203361,0.00300072,0.00359679,-2.28135e-06,0.000992846,-0.0177435,-0.0134424,-0.00888997,-0.00460428,-1.49772e-05,0.00455787,0.00924989,0.0135022,0.0165252,-6.74873e-05,0.00458128,-0.122092,-0.0967983,-0.06686,-0.0345068,0.000266084,0.0342177,0.0669162,0.0981391,0.135968,0.000340116,0.0339297,-0.123142,-0.0983225,-0.0676222,-0.0349882,9.88205e-05,0.0344949,0.0677842,0.0998394,0.137405,0.000356925,0.0342951,-0.0035356,-0.00285784,-0.00184399,-0.000920139,-6.58978e-06,0.000937264,0.00189067,0.00272014,0.00317755,5.27119e-06,0.000925605,-0.0092218,-0.00663354,-0.00440046,-0.00215519,4.80077e-06,0.00220613,0.00440221,0.0059812,0.00775754,9.45764e-06,0.00217659,-0.0512355,-0.0459924,-0.0308887,-0.0157892,-0.000348357,0.0154324,0.0305459,0.0445897,0.0641214,-0.000239006,0.0154385,-0.0513833,-0.0473006,-0.0313357,-0.0159537,-0.000452219,0.0156445,0.0309525,0.0453493,0.0657124,-0.000239054,0.0156001,0,7.46745,47,1102
93072,52782,358,0.0024485,0.246333,-0.00364918,-0.00337536,-0.00199452,-0.00103719,3.28432e-05,0.00102045,0.00209087,0.00311198,0.00379542,1.39536e-05,0.00103452,-0.00516984,-0.00446861,-0.00315559,-0.00148188,2.91162e-05,0.00151469,0.00298508,0.00426056,0.00480412,1.98051e-05,0.00150688,-0.630115,-0.606503,-0.394911,-0.198635,-0.00744333,0.194113,0.390659,0.554408,0.611173,-0.00393369,0.195463,-0.630573,-0.607095,-0.395517,-0.198813,-0.00760457,0.194387,0.392333,0.557237,0.613462,-0.00384536,0.195947,-0.0027985,-0.00225509,-0.00161624,-0.000805406,-5.69255e-06,0.000773859,0.00161209,0.00232576,0.00273267,-1.04647e-05,0.000798199,-0.00315887,-0.0029924,-0.00200948,-0.000968942,-1.78324e-05,0.000920161,0.00185224,0.00267847,0.00323376,-2.31039e-05,0.000952204,-0.321288,-0.255372,-0.185084,-0.0924497,0.00164391,0.0976045,0.190466,0.285349,0.404332,0.0023883,0.0949189,-0.322019,-0.255847,-0.18568,-0.0927761,0.00164405,0.0979356,0.191145,0.285792,0.405077,0.00241989,0.0951542,0,11.8053,90,362
5172455725,3208269483,72414817,0.00856662,0.207426,-0.00690134,-0.00441669,-0.00301202,-0.00155503,-2.46579e-05,0.00153937,0.00300646,0.00462111,0.00512028,-9.42328e-06,0.00152899,-0.00897074,-0.00634029,-0.00427646,-0.00210205,-2.2552e-05,0.00208872,0.00400114,0.00630596,0.00724966,-1.83101e-05,0.00208673,-0.284009,-0.252913,-0.153298,-0.0790697,-0.00028557,0.0837372,0.167286,0.239273,0.379692,0.00175278,0.0815464,-0.286052,-0.254047,-0.154304,-0.0798276,0.0001036,0.0844088,0.168796,0.241203,0.385755,0.00180705,0.0822371,-0.00354018,-0.0032018,-0.00219283,-0.00109937,-6.8454e-06,0.00110376,0.00223556,0.00316262,0.0036079,6.64834e-06,0.0010985,-0.00401261,-0.00344777,-0.00244882,-0.00121105,1.92527e-05,0.0012086,0.00237163,0.00351927,0.00408512,7.73131e-06,0.00120414,-0.103613,-0.0818645,-0.0574822,-0.02923,0.000752799,0.0299716,0.0601811,0.0912371,0.1039,0.000608484,0.0294401,-0.103839,-0.0822009,-0.0575836,-0.0295375,0.000623197,0.0301143,0.0607556,0.0909477,0.10497,0.000603298,0.0296672,0,14.2163,73,214
131555758,1697082357,4509877,0.00246018,-1.11059,-0.0189437,-0.0145044,-0.0105232,-0.00502225,0.000125579,0.00529882,0.0102919,0.0157648,0.0185012,9.7266e-05,0.0052027,-0.00364449,-0.00327005,-0.00213042,-0.00108255,1.25273e-05,0.00110237,0.00226002,0.00312563,0.00400197,1.67163e-05,0.00109451,-0.52217,-0.454368,-0.29292,-0.150454,-0.00447563,0.14369,0.30523,0.419217,0.526074,-0.00260451,0.148859,-0.522354,-0.455251,-0.293779,-0.150745,-0.00472773,0.144501,0.306332,0.422487,0.528213,-0.00255876,0.14927,-0.00760668,-0.00582962,-0.00409128,-0.0020671,-4.5242e-05,0.0020759,0.00420754,0.00592938,0.00719169,-2.61409e-06,0.00207491,-0.00366143,-0.0028911,-0.00194421,-0.00100328,1.42226e-05,0.00102763,0.00209048,0.00300116,0.00339285,8.77172e-06,0.001016,-0.182307,-0.16191,-0.110511,-0.0522998,0.000411882,0.0536305,0.105111,0.15759,0.208745,0.000308907,0.0533792,-0.182998,-0.162183,-0.111201,-0.0522498,0.000591429,0.0539657,0.104758,0.157232,0.207755,0.000309244,0.0535395,0,9.57756,119,394
